model,image,test_score,train_score,mean_test_score,mean_train_score
RandomForest,indiana,0.806150253016738,1.0,0.7610901238027247,1.0
RandomForest,salinas,0.9370613873088572,1.0,0.96868475737212,1.0
OneVsOneClassifier - LinearSVC,indiana,0.6839237057220708,0.70703125,0.5374301708350029,0.5696940119688699
OneVsOneClassifier - LinearSVC,salinas,0.8822486518430966,0.879483642096965,0.9207064679398441,0.9187069219810063
